attack,is_succ,confidence,max_iter,batch_size,epsilon,epsilon_step,delta,norm,theta,gamma,eta,max_eval,init_eval,init_size,file_name,x_test_size,correct_size,adv_size,success_rate,second_image,avg_l2,avg_l1,avg_linf,avg_mse,avg_uqi,avg_ergas,avg_sam,avg_scc,avg_vifp,avg_rase,avg_psnrb,magnet_det_rate,squeezer_det_rate,
bim,True,,,500,0.1,0.1,,,,,,,,,bim0.10.1_succ_succ,100,85,85,1.0,0.2641662240028381,4.466675494698917,202.6451900706572,0.1000000238418579,0.0064982580688647,0.974803607825909,9405.055331362684,0.1660679345504147,0.4904834576109889,0.9699601277317272,1354.1234453405348,21.74758635048311,0.6588235294117647,0.9647058823529412,
bim,False,,,500,0.1,0.1,,,,,,,,,bim0.10.1_succ_miss,100,85,85,1.0,0.2641662240028381,4.466675494698917,202.6451900706572,0.1000000238418579,0.0064982580688647,0.974803607825909,9405.055331362684,0.1660679345504147,0.4904834576109889,0.9699601277317272,1354.1234453405348,21.74758635048311,0.6588235294117647,0.9647058823529412,
bim,True,,,500,0.1,0.3,,,,,,,,,bim0.10.3_succ_succ,100,85,77,0.9058823529411764,0.0421977734565734,5.408890569364869,296.00925752714085,0.1000000238418579,0.0095380288622132,0.968112755850216,10849.18139553887,0.1924048880500945,0.4264625483599632,0.9620121774829418,1563.076775717515,20.12091521866545,0.16883116883116883,0.22077922077922077,
bim,False,,,500,0.1,0.3,,,,,,,,,bim0.10.3_succ_miss,100,85,77,0.9058823529411764,0.0421977734565734,5.408890569364869,296.00925752714085,0.1000000238418579,0.0095380288622132,0.968112755850216,10849.18139553887,0.1924048880500945,0.4264625483599632,0.9620121774829418,1563.076775717515,20.12091521866545,0.16883116883116883,0.22077922077922077,
bim,True,,,500,0.1,0.5,,,,,,,,,bim0.10.5_succ_succ,100,85,77,0.9058823529411764,0.0418735003471374,5.408890569364869,296.00925752714085,0.1000000238418579,0.0095380288622132,0.968112755850216,10849.18139553887,0.1924048880500945,0.4264625483599632,0.9620121774829418,1563.076775717515,20.12091521866545,0.16883116883116883,0.22077922077922077,
bim,False,,,500,0.1,0.5,,,,,,,,,bim0.10.5_succ_miss,100,85,77,0.9058823529411764,0.0418735003471374,5.408890569364869,296.00925752714085,0.1000000238418579,0.0095380288622132,0.968112755850216,10849.18139553887,0.1924048880500945,0.4264625483599632,0.9620121774829418,1563.076775717515,20.12091521866545,0.16883116883116883,0.22077922077922077,
bim,True,,,500,0.1,0.7,,,,,,,,,bim0.10.7_succ_succ,100,85,77,0.9058823529411764,0.0418523383140563,5.408890569364869,296.00925752714085,0.1000000238418579,0.0095380288622132,0.968112755850216,10849.18139553887,0.1924048880500945,0.4264625483599632,0.9620121774829418,1563.076775717515,20.12091521866545,0.16883116883116883,0.22077922077922077,
bim,False,,,500,0.1,0.7,,,,,,,,,bim0.10.7_succ_miss,100,85,77,0.9058823529411764,0.0418523383140563,5.408890569364869,296.00925752714085,0.1000000238418579,0.0095380288622132,0.968112755850216,10849.18139553887,0.1924048880500945,0.4264625483599632,0.9620121774829418,1563.076775717515,20.12091521866545,0.16883116883116883,0.22077922077922077,
bim,True,,,500,0.1,0.9,,,,,,,,,bim0.10.9_succ_succ,100,85,77,0.9058823529411764,0.0417107558250427,5.408890569364869,296.00925752714085,0.1000000238418579,0.0095380288622132,0.968112755850216,10849.18139553887,0.1924048880500945,0.4264625483599632,0.9620121774829418,1563.076775717515,20.12091521866545,0.16883116883116883,0.22077922077922077,
bim,False,,,500,0.1,0.9,,,,,,,,,bim0.10.9_succ_miss,100,85,77,0.9058823529411764,0.0417107558250427,5.408890569364869,296.00925752714085,0.1000000238418579,0.0095380288622132,0.968112755850216,10849.18139553887,0.1924048880500945,0.4264625483599632,0.9620121774829418,1563.076775717515,20.12091521866545,0.16883116883116883,0.22077922077922077,
bim,True,,,500,0.1,0.01,,,,,,,,,bim0.10.01_succ_succ,100,85,85,1.0,0.0417385792732238,4.06803362790276,200.35981247845817,0.1000000238418579,0.0053967283886124,0.9789792357042412,8454.979063673285,0.151458101189635,0.5348896337015523,0.9844267990791572,1217.0191555443084,22.46556763228622,1.0,1.0,
bim,False,,,500,0.1,0.01,,,,,,,,,bim0.10.01_succ_miss,100,85,85,1.0,0.0417385792732238,4.06803362790276,200.35981247845817,0.1000000238418579,0.0053967283886124,0.9789792357042412,8454.979063673285,0.151458101189635,0.5348896337015523,0.9844267990791572,1217.0191555443084,22.46556763228622,1.0,1.0,
bim,True,,,500,0.1,0.03,,,,,,,,,bim0.10.03_succ_succ,100,85,85,1.0,0.0416812181472778,4.181634305505192,209.71769283519072,0.1000000238418579,0.0056979890285481,0.97767214639624,8753.793902787977,0.1557394202106796,0.5098790488060638,0.9617998925974536,1260.0631090824618,22.215652995255216,1.0,1.0,
bim,False,,,500,0.1,0.03,,,,,,,,,bim0.10.03_succ_miss,100,85,85,1.0,0.0416812181472778,4.181634305505192,209.71769283519072,0.1000000238418579,0.0056979890285481,0.97767214639624,8753.793902787977,0.1557394202106796,0.5098790488060638,0.9617998925974536,1260.0631090824618,22.215652995255216,1.0,1.0,
bim,True,,,500,0.1,0.05,,,,,,,,,bim0.10.05_succ_succ,100,85,85,1.0,0.0415964698791503,4.17098450941198,203.38486256318933,0.1000000238418579,0.005667190201221,0.9777765334144004,8732.699550786212,0.1554243396894575,0.5073645882451585,0.9577780278884016,1257.17756151304,22.303012775760216,1.0,1.0,
bim,False,,,500,0.1,0.05,,,,,,,,,bim0.10.05_succ_miss,100,85,85,1.0,0.0415964698791503,4.17098450941198,203.38486256318933,0.1000000238418579,0.005667190201221,0.9777765334144004,8732.699550786212,0.1554243396894575,0.5073645882451585,0.9577780278884016,1257.17756151304,22.303012775760216,1.0,1.0,
bim,True,,,500,0.1,0.07,,,,,,,,,bim0.10.07_succ_succ,100,85,85,1.0,0.0415909647941589,4.21891248366412,208.9842981675092,0.1000000238418579,0.0057974197583657,0.9773312733400628,8843.349933326066,0.1571749251392122,0.5075343501103626,0.9630037557341375,1272.9660662999663,22.213294568527377,0.9764705882352941,1.0,
bim,False,,,500,0.1,0.07,,,,,,,,,bim0.10.07_succ_miss,100,85,85,1.0,0.0415909647941589,4.21891248366412,208.9842981675092,0.1000000238418579,0.0057974197583657,0.9773312733400628,8843.349933326066,0.1571749251392122,0.5075343501103626,0.9630037557341375,1272.9660662999663,22.213294568527377,0.9764705882352941,1.0,
bim,True,,,500,0.1,0.09,,,,,,,,,bim0.10.09_succ_succ,100,85,85,1.0,0.0416630053520202,4.332732242696426,204.4874439912684,0.1000000238418579,0.0061139950385827,0.9760911974096944,9105.895569866912,0.1613433910159584,0.5010021608074305,0.97145843953908,1311.3090875279197,21.990291029998595,0.8235294117647058,1.0,
bim,False,,,500,0.1,0.09,,,,,,,,,bim0.10.09_succ_miss,100,85,85,1.0,0.0416630053520202,4.332732242696426,204.4874439912684,0.1000000238418579,0.0061139950385827,0.9760911974096944,9105.895569866912,0.1613433910159584,0.5010021608074305,0.97145843953908,1311.3090875279197,21.990291029998595,0.8235294117647058,1.0,
bim,True,,,500,0.1,1,,,,,,,,,bim0.10.001_succ_succ,100,85,85,1.0,0.041932406425476,2.288131896187277,102.37274071188534,0.0999762389589758,0.0017243607192693,0.9927681252369414,4705.216139158321,0.0857701099048577,0.7238732507036403,0.9935171779239456,677.12591254385,27.04050838225963,1.0,1.0,
bim,False,,,500,0.1,1,,,,,,,,,bim0.10.001_succ_miss,100,85,85,1.0,0.041932406425476,2.288131896187277,102.37274071188534,0.0999762389589758,0.0017243607192693,0.9927681252369414,4705.216139158321,0.0857701099048577,0.7238732507036403,0.9935171779239456,677.12591254385,27.04050838225963,1.0,1.0,
bim,True,,,500,0.1,3,,,,,,,,,bim0.10.003_succ_succ,100,85,85,1.0,0.043361496925354,3.4459715141969567,160.44500624712776,0.1000000238418579,0.0038951678349024,0.984778466475613,7053.797482923989,0.1287180693426445,0.6030193738079114,0.996465259425988,1015.3808045041436,23.8176654154914,1.0,1.0,
bim,False,,,500,0.1,3,,,,,,,,,bim0.10.003_succ_miss,100,85,85,1.0,0.043361496925354,3.4459715141969567,160.44500624712776,0.1000000238418579,0.0038951678349024,0.984778466475613,7053.797482923989,0.1287180693426445,0.6030193738079114,0.996465259425988,1015.3808045041436,23.8176654154914,1.0,1.0,
bim,True,,,500,0.1,5,,,,,,,,,bim0.10.005_succ_succ,100,85,85,1.0,0.0482168197631835,3.768296763476204,180.1394915412454,0.1000000238418579,0.0046413337363343,0.981930949032016,7770.0125911484865,0.140558510441013,0.5684507272337129,0.9916462578338162,1118.367075722064,23.04275809756401,1.0,1.0,
bim,False,,,500,0.1,5,,,,,,,,,bim0.10.005_succ_miss,100,85,85,1.0,0.0482168197631835,3.768296763476204,180.1394915412454,0.1000000238418579,0.0046413337363343,0.981930949032016,7770.0125911484865,0.140558510441013,0.5684507272337129,0.9916462578338162,1118.367075722064,23.04275809756401,1.0,1.0,
bim,True,,,500,0.1,7,,,,,,,,,bim0.10.007_succ_succ,100,85,85,1.0,0.0482297992706298,3.9338169294245104,190.962939453125,0.1000000238418579,0.0050514695035978,0.9804169740399616,8135.630160024122,0.1465926040537429,0.5500970644099779,0.9861852481416824,1171.0478236272197,22.693165052615008,1.0,1.0,
bim,False,,,500,0.1,7,,,,,,,,,bim0.10.007_succ_miss,100,85,85,1.0,0.0482297992706298,3.9338169294245104,190.962939453125,0.1000000238418579,0.0050514695035978,0.9804169740399616,8135.630160024122,0.1465926040537429,0.5500970644099779,0.9861852481416824,1171.0478236272197,22.693165052615008,1.0,1.0,
bim,True,,,500,0.1,9,,,,,,,,,bim0.10.009_succ_succ,100,85,85,1.0,0.0482332944869995,4.030549228892607,197.6609655043658,0.1000000238418579,0.0052984863402139,0.9793509600185792,8372.891562182902,0.1500888085056584,0.5392779063350743,0.9860021868558178,1205.1838176668205,22.504089533263947,1.0,1.0,
bim,False,,,500,0.1,9,,,,,,,,,bim0.10.009_succ_miss,100,85,85,1.0,0.0482332944869995,4.030549228892607,197.6609655043658,0.1000000238418579,0.0052984863402139,0.9793509600185792,8372.891562182902,0.1500888085056584,0.5392779063350743,0.9860021868558178,1205.1838176668205,22.504089533263947,1.0,1.0,
bim,True,,,500,0.1,0.1,,,,,,,,,bim0.10.1_succ_succ,100,85,85,1.0,0.0484205412864685,4.466675494698917,202.6451900706572,0.1000000238418579,0.0064982580688647,0.974803607825909,9405.055331362684,0.1660679345504147,0.4904834576109889,0.9699601277317272,1354.1234453405348,21.74758635048311,0.6588235294117647,0.9647058823529412,
bim,False,,,500,0.1,0.1,,,,,,,,,bim0.10.1_succ_miss,100,85,85,1.0,0.0484205412864685,4.466675494698917,202.6451900706572,0.1000000238418579,0.0064982580688647,0.974803607825909,9405.055331362684,0.1660679345504147,0.4904834576109889,0.9699601277317272,1354.1234453405348,21.74758635048311,0.6588235294117647,0.9647058823529412,
bim,True,,,500,0.01,0.1,,,,,,,,,bim0.010.1_succ_succ,100,85,68,0.8,0.0486112213134765,0.5511442650766933,30.42235281888176,0.0100000202655792,9.8925917792375e-05,0.9994034762442406,1171.6393526244628,0.0207552298847765,0.9226838952499364,0.9984956488247776,168.71442385884208,38.06179605102211,0.3382352941176471,0.5,
bim,False,,,500,0.01,0.1,,,,,,,,,bim0.010.1_succ_miss,100,85,68,0.8,0.0486112213134765,0.5511442650766933,30.42235281888176,0.0100000202655792,9.8925917792375e-05,0.9994034762442406,1171.6393526244628,0.0207552298847765,0.9226838952499364,0.9984956488247776,168.71442385884208,38.06179605102211,0.3382352941176471,0.5,
bim,True,,,500,0.03,0.1,,,,,,,,,bim0.030.1_succ_succ,100,85,81,0.9529411764705882,0.048704981803894,1.6463297428908172,90.66165382479444,0.0300000011920928,0.0008828831350507,0.9958817145959752,3437.327035402001,0.0609651238607941,0.7642391305284583,0.995668415437736,494.9528864111183,29.6448492226442,0.5061728395061729,0.5679012345679012,
bim,False,,,500,0.03,0.1,,,,,,,,,bim0.030.1_succ_miss,100,85,81,0.9529411764705882,0.048704981803894,1.6463297428908172,90.66165382479444,0.0300000011920928,0.0008828831350507,0.9958817145959752,3437.327035402001,0.0609651238607941,0.7642391305284583,0.995668415437736,494.9528864111183,29.6448492226442,0.5061728395061729,0.5679012345679012,
bim,True,,,500,0.05,0.1,,,,,,,,,bim0.050.1_succ_succ,100,85,78,0.9176470588235294,0.0486846089363098,2.731378029554318,150.09771748078174,0.0500000119209289,0.0024306521423227,0.9901714670938012,5578.209916190851,0.0985962947864255,0.6357513023987961,0.9916672622528708,803.4238727391537,25.704441541330013,0.3076923076923077,0.38461538461538464,
bim,False,,,500,0.05,0.1,,,,,,,,,bim0.050.1_succ_miss,100,85,78,0.9176470588235294,0.0486846089363098,2.731378029554318,150.09771748078174,0.0500000119209289,0.0024306521423227,0.9901714670938012,5578.209916190851,0.0985962947864255,0.6357513023987961,0.9916672622528708,803.4238727391537,25.704441541330013,0.3076923076923077,0.38461538461538464,
bim,True,,,500,0.07,0.1,,,,,,,,,bim0.070.1_succ_succ,100,85,85,1.0,0.0486312413215637,3.301992239671595,172.84114487591913,0.070000022649765,0.0035507527594976,0.9851214944217968,6966.468811707159,0.123692814876424,0.5828548495638494,0.9862638180219364,1003.1263028154552,24.215173269053967,0.47058823529411764,0.6941176470588235,
bim,False,,,500,0.07,0.1,,,,,,,,,bim0.070.1_succ_miss,100,85,85,1.0,0.0486312413215637,3.301992239671595,172.84114487591913,0.070000022649765,0.0035507527594976,0.9851214944217968,6966.468811707159,0.123692814876424,0.5828548495638494,0.9862638180219364,1003.1263028154552,24.215173269053967,0.47058823529411764,0.6941176470588235,
bim,True,,,500,0.09,0.1,,,,,,,,,bim0.090.1_succ_succ,100,85,85,1.0,0.0486898159980773,4.048407467673806,192.90345620548024,0.090000033378601,0.00533824256768,0.9787623572719276,8515.162768894264,0.1510745829526677,0.5211428097132751,0.9739378584711892,1226.0100472519396,22.49997359873104,0.5529411764705883,0.9294117647058824,
bim,False,,,500,0.09,0.1,,,,,,,,,bim0.090.1_succ_miss,100,85,85,1.0,0.0486898159980773,4.048407467673806,192.90345620548024,0.090000033378601,0.00533824256768,0.9787623572719276,8515.162768894264,0.1510745829526677,0.5211428097132751,0.9739378584711892,1226.0100472519396,22.49997359873104,0.5529411764705883,0.9294117647058824,
bim,True,,,500,1,0.1,,,,,,,,,bim0.0010.1_succ_succ,100,85,11,0.1294117647058823,0.048615186214447,0.0553658343851566,3.0654212778264824,0.0010000020265579,9.978476582660557e-07,0.9999969938616448,99.03071718450852,0.0018379675397841,0.999182211379535,0.9997852527630824,14.281535602031692,54.464937800620106,0.0,0.0,
bim,False,,,500,1,0.1,,,,,,,,,bim0.0010.1_succ_miss,100,85,11,0.1294117647058823,0.048615186214447,0.0553658343851566,3.0654212778264824,0.0010000020265579,9.978476582660557e-07,0.9999969938616448,99.03071718450852,0.0018379675397841,0.999182211379535,0.9997852527630824,14.281535602031692,54.464937800620106,0.0,0.0,
bim,True,,,500,3,0.1,,,,,,,,,bim0.0030.1_succ_succ,100,85,34,0.4,0.048313934803009,0.1659164428710937,9.176843755385455,0.0030000209808349,8.961781210425086e-06,0.9999053516163724,394.8649335934496,0.0067404470474151,0.9845334767913492,0.9995469302303178,56.868350745370925,47.338189321139865,0.11764705882352941,0.20588235294117646,
bim,False,,,500,3,0.1,,,,,,,,,bim0.0030.1_succ_miss,100,85,34,0.4,0.048313934803009,0.1659164428710937,9.176843755385455,0.0030000209808349,8.961781210425086e-06,0.9999053516163724,394.8649335934496,0.0067404470474151,0.9845334767913492,0.9995469302303178,56.868350745370925,47.338189321139865,0.11764705882352941,0.20588235294117646,
bim,True,,,500,5,0.1,,,,,,,,,bim0.0050.1_succ_succ,100,85,52,0.611764705882353,0.0482069325447082,0.2764492201117369,15.291931078984188,0.00500002474739,2.487976589491381e-05,0.9998020567170894,622.605572674978,0.0108657165499339,0.9751211517453184,0.999201750034974,89.66105724912478,43.85405159888167,0.15384615384615385,0.2692307692307692,
bim,False,,,500,5,0.1,,,,,,,,,bim0.0050.1_succ_miss,100,85,52,0.611764705882353,0.0482069325447082,0.2764492201117369,15.291931078984188,0.00500002474739,2.487976589491381e-05,0.9998020567170894,622.605572674978,0.0108657165499339,0.9751211517453184,0.999201750034974,89.66105724912478,43.85405159888167,0.15384615384615385,0.2692307692307692,
bim,True,,,500,7,0.1,,,,,,,,,bim0.0070.1_succ_succ,100,85,61,0.7176470588235294,0.0482330203056335,0.385821195899463,21.2939778624988,0.0070000290870666,4.847823043206708e-05,0.9996757815452612,827.8776135600313,0.0144771418881535,0.9509888085190848,0.9987904718077188,119.2360809624213,40.600044672756106,0.22950819672131148,0.4098360655737705,
bim,False,,,500,7,0.1,,,,,,,,,bim0.0070.1_succ_miss,100,85,61,0.7176470588235294,0.0482330203056335,0.385821195899463,21.2939778624988,0.0070000290870666,4.847823043206708e-05,0.9996757815452612,827.8776135600313,0.0144771418881535,0.9509888085190848,0.9987904718077188,119.2360809624213,40.600044672756106,0.22950819672131148,0.4098360655737705,
bim,True,,,500,9,0.1,,,,,,,,,bim0.0090.1_succ_succ,100,85,68,0.8,0.0482222318649292,0.4961648333598585,27.392772927003747,0.0090000033378601,8.017197338290934e-05,0.9995054043373766,1054.022339291093,0.0187090633485525,0.9320608736746268,0.9988503699430156,151.80886428908133,38.90718848645237,0.25,0.5294117647058824,
bim,False,,,500,9,0.1,,,,,,,,,bim0.0090.1_succ_miss,100,85,68,0.8,0.0482222318649292,0.4961648333598585,27.392772927003747,0.0090000033378601,8.017197338290934e-05,0.9995054043373766,1054.022339291093,0.0187090633485525,0.9320608736746268,0.9988503699430156,151.80886428908133,38.90718848645237,0.25,0.5294117647058824,
fgm,True,,,500,0.01,,,,,,,,,,fgm0.01_succ_succ,100,85,72,0.8470588235294118,0.0011888456344604,0.5509703680872917,30.404032521777683,0.0100000202655792,9.8863198102485e-05,0.9993790847726282,1193.445431702526,0.0210996010203543,0.923570993119816,0.9992115725114236,171.86631774507583,37.71905672872241,0.05555555555555555,0.25,
fgm,False,,,500,0.01,,,,,,,,,,fgm0.01_succ_miss,100,85,72,0.8470588235294118,0.0011888456344604,0.5509703680872917,30.404032521777683,0.0100000202655792,9.8863198102485e-05,0.9993790847726282,1193.445431702526,0.0210996010203543,0.923570993119816,0.9992115725114236,171.86631774507583,37.71905672872241,0.05555555555555555,0.25,
fgm,True,,,500,0.03,,,,,,,,,,fgm0.03_succ_succ,100,85,82,0.9647058823529412,0.0012793469429016,1.6485926421677195,90.86882028347108,0.0300000011920928,0.0008852113411084,0.995698757009917,3520.964412924224,0.0627267358445569,0.7650469434775768,0.9970879820927988,506.9466119974076,29.657449090884363,0.04878048780487805,0.0975609756097561,
fgm,False,,,500,0.03,,,,,,,,,,fgm0.03_succ_miss,100,85,82,0.9647058823529412,0.0012793469429016,1.6485926421677195,90.86882028347108,0.0300000011920928,0.0008852113411084,0.995698757009917,3520.964412924224,0.0627267358445569,0.7650469434775768,0.9970879820927988,506.9466119974076,29.657449090884363,0.04878048780487805,0.0975609756097561,
fgm,True,,,500,0.05,,,,,,,,,,fgm0.05_succ_succ,100,85,77,0.9058823529411764,0.001196973323822,2.73070198220092,150.0357964255593,0.0500000119209289,0.0024295324229892,0.9901226765499468,5591.420072916204,0.098368238045766,0.6320007263624782,0.9923348082082188,805.2703830130279,25.736177038029744,0.11688311688311688,0.09090909090909091,
fgm,False,,,500,0.05,,,,,,,,,,fgm0.05_succ_miss,100,85,77,0.9058823529411764,0.001196973323822,2.73070198220092,150.0357964255593,0.0500000119209289,0.0024295324229892,0.9901226765499468,5591.420072916204,0.098368238045766,0.6320007263624782,0.9923348082082188,805.2703830130279,25.736177038029744,0.11688311688311688,0.09090909090909091,
fgm,True,,,500,0.07,,,,,,,,,,fgm0.07_succ_succ,100,85,74,0.8705882352941177,0.0012035131454467,3.807074334170368,208.8122304967932,0.070000022649765,0.0047236759582922,0.9833938642297528,7551.154342588212,0.1348491127651192,0.5335104437617647,0.9857097619366288,1087.9901392044014,23.073847892017117,0.06756756756756757,0.02702702702702703,
fgm,False,,,500,0.07,,,,,,,,,,fgm0.07_succ_miss,100,85,74,0.8705882352941177,0.0012035131454467,3.807074334170368,208.8122304967932,0.070000022649765,0.0047236759582922,0.9833938642297528,7551.154342588212,0.1348491127651192,0.5335104437617647,0.9857097619366288,1087.9901392044014,23.073847892017117,0.06756756756756757,0.02702702702702703,
fgm,True,,,500,0.09,,,,,,,,,,fgm0.09_succ_succ,100,85,72,0.8470588235294118,0.0011807775497436,4.871413475937313,266.6112287309435,0.090000033378601,0.0077367002944451,0.9742195029019408,9617.246026747676,0.1710971179901979,0.4571306183269713,0.9762362892842538,1385.4956366964163,21.03497927807321,0.027777777777777776,0.013888888888888888,
fgm,False,,,500,0.09,,,,,,,,,,fgm0.09_succ_miss,100,85,72,0.8470588235294118,0.0011807775497436,4.871413475937313,266.6112287309435,0.090000033378601,0.0077367002944451,0.9742195029019408,9617.246026747676,0.1710971179901979,0.4571306183269713,0.9762362892842538,1385.4956366964163,21.03497927807321,0.027777777777777776,0.013888888888888888,
fgm,True,,,500,1,,,,,,,,,,fgm0.001_succ_succ,100,85,11,0.1294117647058823,0.0012045049667358,0.0553658299825408,3.0654212778264824,0.0010000020265579,9.978476582660553e-07,0.9999969980793224,99.03468771117842,0.0018378091072538,0.9992168976446708,0.9999456114754784,14.282112886779071,54.45935868984175,0.0,0.0,
fgm,False,,,500,1,,,,,,,,,,fgm0.001_succ_miss,100,85,11,0.1294117647058823,0.0012045049667358,0.0553658299825408,3.0654212778264824,0.0010000020265579,9.978476582660553e-07,0.9999969980793224,99.03468771117842,0.0018378091072538,0.9992168976446708,0.9999456114754784,14.282112886779071,54.45935868984175,0.0,0.0,
fgm,True,,,500,3,,,,,,,,,,fgm0.003_succ_succ,100,85,32,0.3764705882352941,0.0012059164047241,0.1658808132633566,9.172987818717957,0.0030000209808349,8.95801465366035e-06,0.9999008011183168,394.0074213906977,0.0067625581349564,0.9911345108636764,0.9999148042205832,56.73439121750365,47.16773769296303,0.03125,0.15625,
fgm,False,,,500,3,,,,,,,,,,fgm0.003_succ_miss,100,85,32,0.3764705882352941,0.0012059164047241,0.1658808132633566,9.172987818717957,0.0030000209808349,8.95801465366035e-06,0.9999008011183168,394.0074213906977,0.0067625581349564,0.9911345108636764,0.9999148042205832,56.73439121750365,47.16773769296303,0.03125,0.15625,
fgm,True,,,500,5,,,,,,,,,,fgm0.005_succ_succ,100,85,51,0.6,0.0011913800239562,0.276421108082229,15.289604579701145,0.0050000250339508,2.487490380089676e-05,0.999804202676657,617.6561602503137,0.0108441419707646,0.9713244934313996,0.9996722779936696,88.95139608288565,43.3469861361937,0.0392156862745098,0.1568627450980392,
fgm,False,,,500,5,,,,,,,,,,fgm0.005_succ_miss,100,85,51,0.6,0.0011913800239562,0.276421108082229,15.289604579701145,0.0050000250339508,2.487490380089676e-05,0.999804202676657,617.6561602503137,0.0108441419707646,0.9713244934313996,0.9996722779936696,88.95139608288565,43.3469861361937,0.0392156862745098,0.1568627450980392,
fgm,True,,,500,7,,,,,,,,,,fgm0.007_succ_succ,100,85,59,0.6941176470588235,0.0012859368324279,0.3859663090463412,21.3082910957983,0.0070000290870666,4.85158377661253e-05,0.9996725001266416,830.0570265404156,0.0146368499738536,0.9501224890757294,0.9995330586605694,119.5500548312713,40.68629917659521,0.05084745762711865,0.22033898305084745,
fgm,False,,,500,7,,,,,,,,,,fgm0.007_succ_miss,100,85,59,0.6941176470588235,0.0012859368324279,0.3859663090463412,21.3082910957983,0.0070000290870666,4.85158377661253e-05,0.9996725001266416,830.0570265404156,0.0146368499738536,0.9501224890757294,0.9995330586605694,119.5500548312713,40.68629917659521,0.05084745762711865,0.22033898305084745,
fgm,True,,,500,9,,,,,,,,,,fgm0.009_succ_succ,100,85,66,0.7764705882352941,0.0013032627105712,0.4960223829204386,27.377774758772414,0.0090000033378601,8.012845319087224e-05,0.9995082341081584,1049.8805651751063,0.0188098883285894,0.932655208527336,0.999455622119928,151.18661196537525,39.03032945571693,0.06060606060606061,0.25757575757575757,
fgm,False,,,500,9,,,,,,,,,,fgm0.009_succ_miss,100,85,66,0.7764705882352941,0.0013032627105712,0.4960223829204386,27.377774758772414,0.0090000033378601,8.012845319087224e-05,0.9995082341081584,1049.8805651751063,0.0188098883285894,0.932655208527336,0.999455622119928,151.18661196537525,39.03032945571693,0.06060606060606061,0.25757575757575757,
deep,True,,100.0,500,10.0,,,,,,,,,,deep10.0100_succ_succ,100,85,80,0.9411764705882352,1.1942906808853149,1.6123202520888298,58.62301634848118,0.1969510686583817,0.0012488018255022,0.9933877373164584,3760.13638222837,0.0596861482147135,0.8292105336469812,0.9903777678408728,540.2888255837236,32.13026353847063,0.05,0.1,
deep,False,,100.0,500,10.0,,,,,,,,,,deep10.0100_succ_miss,100,85,80,0.9411764705882352,1.1942906808853149,1.6123202520888298,58.62301634848118,0.1969510686583817,0.0012488018255022,0.9933877373164584,3760.13638222837,0.0596861482147135,0.8292105336469812,0.9903777678408728,540.2888255837236,32.13026353847063,0.05,0.1,
deep,True,,100.0,500,8.0,,,,,,,,,,deep8.0100_succ_succ,100,85,80,0.9411764705882352,1.070067408084869,1.3081924429861829,47.32252206802368,0.1628900836221873,0.0008197276876524,0.9955069732050208,3045.833623687992,0.0481632837215612,0.8600854234754138,0.9933125841271012,437.71352216339136,33.67905507530161,0.05,0.1375,
deep,False,,100.0,500,8.0,,,,,,,,,,deep8.0100_succ_miss,100,85,80,0.9411764705882352,1.070067408084869,1.3081924429861829,47.32252206802368,0.1628900836221873,0.0008197276876524,0.9955069732050208,3045.833623687992,0.0481632837215612,0.8600854234754138,0.9933125841271012,437.71352216339136,33.67905507530161,0.05,0.1375,
deep,True,,100.0,500,6.0,,,,,,,,,,deep6.0100_succ_succ,100,85,84,0.9882352941176472,1.072389805316925,1.044030224460931,37.82516345026947,0.1303996209587369,0.0005160467813507,0.9971650004556027,2424.0376167303825,0.038795067934085,0.8888668410197137,0.9953263052778806,348.3943312372513,35.30013811617806,0.023809523809523808,0.10714285714285714,
deep,False,,100.0,500,6.0,,,,,,,,,,deep6.0100_succ_miss,100,85,84,0.9882352941176472,1.072389805316925,1.044030224460931,37.82516345026947,0.1303996209587369,0.0005160467813507,0.9971650004556027,2424.0376167303825,0.038795067934085,0.8888668410197137,0.9953263052778806,348.3943312372513,35.30013811617806,0.023809523809523808,0.10714285714285714,
deep,True,,100.0,500,4.0,,,,,,,,,,deep4.0100_succ_succ,100,85,83,0.976470588235294,1.0716593289375305,0.7468953112656452,27.049505428377405,0.0938579920365149,0.0002657872379499,0.998498230946288,1744.8429931829155,0.0279394254082865,0.9251876980703732,0.9971558254961176,250.7815160792781,37.77022645041998,0.024096385542168676,0.1566265060240964,
deep,False,,100.0,500,4.0,,,,,,,,,,deep4.0100_succ_miss,100,85,83,0.976470588235294,1.0716593289375305,0.7468953112656452,27.049505428377405,0.0938579920365149,0.0002657872379499,0.998498230946288,1744.8429931829155,0.0279394254082865,0.9251876980703732,0.9971558254961176,250.7815160792781,37.77022645041998,0.024096385542168676,0.1566265060240964,
deep,True,,100.0,500,2.0,,,,,,,,,,deep2.0100_succ_succ,100,85,85,1.0,1.0710710620880126,0.4509488113991478,16.334344638796413,0.0564141890581916,9.614804230665104e-05,0.9994538159392794,1042.807562261186,0.0167157254518085,0.9597299885403826,0.9985578294524436,149.90504568086524,41.28982792057127,0.047058823529411764,0.25882352941176473,
deep,False,,100.0,500,2.0,,,,,,,,,,deep2.0100_succ_miss,100,85,85,1.0,1.0710710620880126,0.4509488113991478,16.334344638796413,0.0564141890581916,9.614804230665104e-05,0.9994538159392794,1042.807562261186,0.0167157254518085,0.9597299885403826,0.9985578294524436,149.90504568086524,41.28982792057127,0.047058823529411764,0.25882352941176473,
deep,True,,100.0,500,0.0,,,,,,,,,,deep0.0100_succ_succ,100,85,71,0.8352941176470589,1.0837653112411498,0.1538275774194478,5.584405041286643,0.0191223846197548,1.117372007379772e-05,0.9999365093987364,357.2766884696479,0.0057187808688879,0.9923870958942932,0.9995251224229178,51.35765808924801,48.1990596494315,0.07042253521126761,0.08450704225352113,
deep,False,,100.0,500,0.0,,,,,,,,,,deep0.0100_succ_miss,100,85,71,0.8352941176470589,1.0837653112411498,0.1538275774194478,5.584405041286643,0.0191223846197548,1.117372007379772e-05,0.9999365093987364,357.2766884696479,0.0057187808688879,0.9923870958942932,0.9995251224229178,51.35765808924801,48.1990596494315,0.07042253521126761,0.08450704225352113,
deep,True,,10.0,500,5.0,,,,,,,,,,deep5.010_succ_succ,100,85,84,0.9882352941176472,0.4164405345916748,0.896428234675633,32.46747215446972,0.1126610731617325,0.0003808079058923,0.997886350092524,2081.69519498089,0.0333227163952144,0.9063562625405844,0.9962798622755328,299.1981314925381,36.4262356677289,0.023809523809523808,0.11904761904761904,
deep,False,,10.0,500,5.0,,,,,,,,,,deep5.010_succ_miss,100,85,84,0.9882352941176472,0.4164405345916748,0.896428234675633,32.46747215446972,0.1126610731617325,0.0003808079058923,0.997886350092524,2081.69519498089,0.0333227163952144,0.9063562625405844,0.9962798622755328,299.1981314925381,36.4262356677289,0.023809523809523808,0.11904761904761904,
deep,True,,30.0,500,5.0,,,,,,,,,,deep5.030_succ_succ,100,85,84,0.9882352941176472,0.5756384849548339,0.8964282360947913,32.46747219988278,0.1126610752904699,0.0003808079069258,0.9978863500881068,2081.695197104685,0.0333227164363285,0.9063562624174856,0.9962798622999162,299.198131805867,36.42623565204353,0.023809523809523808,0.11904761904761904,
deep,False,,30.0,500,5.0,,,,,,,,,,deep5.030_succ_miss,100,85,84,0.9882352941176472,0.5756384849548339,0.8964282360947913,32.46747219988278,0.1126610752904699,0.0003808079069258,0.9978863500881068,2081.695197104685,0.0333227164363285,0.9063562624174856,0.9962798622999162,299.198131805867,36.42623565204353,0.023809523809523808,0.11904761904761904,
deep,True,,50.0,500,5.0,,,,,,,,,,deep5.050_succ_succ,100,85,84,0.9882352941176472,0.7282850527763367,0.8964282360947913,32.46747219988278,0.1126610752904699,0.0003808079069258,0.9978863500881068,2081.695197104685,0.0333227164363285,0.9063562624174856,0.9962798622999162,299.198131805867,36.42623565204353,0.023809523809523808,0.11904761904761904,
deep,False,,50.0,500,5.0,,,,,,,,,,deep5.050_succ_miss,100,85,84,0.9882352941176472,0.7282850527763367,0.8964282360947913,32.46747219988278,0.1126610752904699,0.0003808079069258,0.9978863500881068,2081.695197104685,0.0333227164363285,0.9063562624174856,0.9962798622999162,299.198131805867,36.42623565204353,0.023809523809523808,0.11904761904761904,
deep,True,,70.0,500,5.0,,,,,,,,,,deep5.070_succ_succ,100,85,84,0.9882352941176472,0.8758451175689698,0.8964282360947913,32.46747219988278,0.1126610752904699,0.0003808079069258,0.9978863500881068,2081.695197104685,0.0333227164363285,0.9063562624174856,0.9962798622999162,299.198131805867,36.42623565204353,0.023809523809523808,0.11904761904761904,
deep,False,,70.0,500,5.0,,,,,,,,,,deep5.070_succ_miss,100,85,84,0.9882352941176472,0.8758451175689698,0.8964282360947913,32.46747219988278,0.1126610752904699,0.0003808079069258,0.9978863500881068,2081.695197104685,0.0333227164363285,0.9063562624174856,0.9962798622999162,299.198131805867,36.42623565204353,0.023809523809523808,0.11904761904761904,
deep,True,,90.0,500,5.0,,,,,,,,,,deep5.090_succ_succ,100,85,84,0.9882352941176472,1.0137574577331545,0.8964282360947913,32.46747219988278,0.1126610752904699,0.0003808079069258,0.9978863500881068,2081.695197104685,0.0333227164363285,0.9063562624174856,0.9962798622999162,299.198131805867,36.42623565204353,0.023809523809523808,0.11904761904761904,
deep,False,,90.0,500,5.0,,,,,,,,,,deep5.090_succ_miss,100,85,84,0.9882352941176472,1.0137574577331545,0.8964282360947913,32.46747219988278,0.1126610752904699,0.0003808079069258,0.9978863500881068,2081.695197104685,0.0333227164363285,0.9063562624174856,0.9962798622999162,299.198131805867,36.42623565204353,0.023809523809523808,0.11904761904761904,
deep,True,,100.0,500,5.0,,,,,,,,,,deep5.0100_succ_succ,100,85,84,0.9882352941176472,1.099691321849823,0.8964282360947913,32.46747219988278,0.1126610752904699,0.0003808079069258,0.9978863500881068,2081.695197104685,0.0333227164363285,0.9063562624174856,0.9962798622999162,299.198131805867,36.42623565204353,0.023809523809523808,0.11904761904761904,
deep,False,,100.0,500,5.0,,,,,,,,,,deep5.0100_succ_miss,100,85,84,0.9882352941176472,1.099691321849823,0.8964282360947913,32.46747219988278,0.1126610752904699,0.0003808079069258,0.9978863500881068,2081.695197104685,0.0333227164363285,0.9063562624174856,0.9962798622999162,299.198131805867,36.42623565204353,0.023809523809523808,0.11904761904761904,
deep,True,,150.0,500,5.0,,,,,,,,,,deep5.0150_succ_succ,100,85,84,0.9882352941176472,1.471156885623932,0.8964282360947913,32.46747219988278,0.1126610752904699,0.0003808079069258,0.9978863500881068,2081.695197104685,0.0333227164363285,0.9063562624174856,0.9962798622999162,299.198131805867,36.42623565204353,0.023809523809523808,0.11904761904761904,
deep,False,,150.0,500,5.0,,,,,,,,,,deep5.0150_succ_miss,100,85,84,0.9882352941176472,1.471156885623932,0.8964282360947913,32.46747219988278,0.1126610752904699,0.0003808079069258,0.9978863500881068,2081.695197104685,0.0333227164363285,0.9063562624174856,0.9962798622999162,299.198131805867,36.42623565204353,0.023809523809523808,0.11904761904761904,
deep,True,,200.0,500,5.0,,,,,,,,,,deep5.0200_succ_succ,100,85,84,0.9882352941176472,1.81887393951416,0.8964282360947913,32.46747219988278,0.1126610752904699,0.0003808079069258,0.9978863500881068,2081.695197104685,0.0333227164363285,0.9063562624174856,0.9962798622999162,299.198131805867,36.42623565204353,0.023809523809523808,0.11904761904761904,
deep,False,,200.0,500,5.0,,,,,,,,,,deep5.0200_succ_miss,100,85,84,0.9882352941176472,1.81887393951416,0.8964282360947913,32.46747219988278,0.1126610752904699,0.0003808079069258,0.9978863500881068,2081.695197104685,0.0333227164363285,0.9063562624174856,0.9962798622999162,299.198131805867,36.42623565204353,0.023809523809523808,0.11904761904761904,
deep,True,,300.0,500,5.0,,,,,,,,,,deep5.0300_succ_succ,100,85,84,0.9882352941176472,23.23944594144821,0.8964282360947913,32.46747219988278,0.1126610752904699,0.0003808079069258,0.9978863500881068,2081.695197104685,0.0333227164363285,0.9063562624174856,0.9962798622999162,299.198131805867,36.42623565204353,0.023809523809523808,0.11904761904761904,
deep,False,,300.0,500,5.0,,,,,,,,,,deep5.0300_succ_miss,100,85,84,0.9882352941176472,23.23944594144821,0.8964282360947913,32.46747219988278,0.1126610752904699,0.0003808079069258,0.9978863500881068,2081.695197104685,0.0333227164363285,0.9063562624174856,0.9962798622999162,299.198131805867,36.42623565204353,0.023809523809523808,0.11904761904761904,
cw2,True,50,100.0,500,,,,,,,,,,,cw250.0100_succ_succ,gen_list_3,100,85,81,0.9529411764705882,7.674540357589722,2.246875051363015,81.07212104326413,0.2651848533639201,0.0020382609994785,0.992559592633132,4811.821061358144,0.0788928838788871,0.7831279594682031,0.9896832206162056,689.9735795002881,27.542264919052855,1.0,1.0
cw2,False,50,100.0,500,,,,,,,,,,,cw250.0100_succ_miss,gen_list_3,100,85,81,0.9529411764705882,7.674540357589722,2.246875051363015,81.07212104326413,0.2651848533639201,0.0020382609994785,0.992559592633132,4811.821061358144,0.0788928838788871,0.7831279594682031,0.9896832206162056,689.9735795002881,27.542264919052855,1.0,1.0
cw2,True,40,100.0,500,,,,,,,,,,,cw240.0100_succ_succ,gen_list_3,100,85,82,0.9647058823529412,3.160582344532013,1.657681148953554,59.20282096397586,0.2034996920605985,0.0011311443374603,0.9957554877930423,3558.292661857331,0.0581914125522278,0.8401830039924294,0.9931010070479718,510.2734807897885,29.927221533242506,1.0,1.0
cw2,False,40,100.0,500,,,,,,,,,,,cw240.0100_succ_miss,gen_list_3,100,85,82,0.9647058823529412,3.160582344532013,1.657681148953554,59.20282096397586,0.2034996920605985,0.0011311443374603,0.9957554877930423,3558.292661857331,0.0581914125522278,0.8401830039924294,0.9931010070479718,510.2734807897885,29.927221533242506,1.0,1.0
cw2,True,30,100.0,500,,,,,,,,,,,cw230.0100_succ_succ,gen_list_3,100,85,82,0.9647058823529412,3.169978241920471,1.1452422589063644,41.06215324634459,0.1399245520190495,0.000511711094261,0.9980757470251088,2467.0291101037565,0.0404328057998589,0.8924643141965114,0.9928502658989468,353.70622167042336,32.601704445092345,1.0,1.0
cw2,False,30,100.0,500,,,,,,,,,,,cw230.0100_succ_miss,gen_list_3,100,85,82,0.9647058823529412,3.169978241920471,1.1452422589063644,41.06215324634459,0.1399245520190495,0.000511711094261,0.9980757470251088,2467.0291101037565,0.0404328057998589,0.8924643141965114,0.9928502658989468,353.70622167042336,32.601704445092345,1.0,1.0
cw2,True,20,100.0,500,,,,,,,,,,,cw220.0100_succ_succ,gen_list_3,100,85,85,1.0,3.126605927944184,0.7473283062962924,26.478483390808105,0.0907745831152972,0.0002251356406783,0.9990685993875932,1657.8452165554706,0.0268244532332003,0.9383018634669816,0.9948612985407356,237.82340664446983,35.793071076867705,1.0,1.0
cw2,False,20,100.0,500,,,,,,,,,,,cw220.0100_succ_miss,gen_list_3,100,85,85,1.0,3.126605927944184,0.7473283062962924,26.478483390808105,0.0907745831152972,0.0002251356406783,0.9990685993875932,1657.8452165554706,0.0268244532332003,0.9383018634669816,0.9948612985407356,237.82340664446983,35.793071076867705,1.0,1.0
cw2,True,15,100.0,500,,,,,,,,,,,cw215.0100_succ_succ,gen_list_3,100,85,85,1.0,3.095945665836334,0.5415466697777018,19.17047515756944,0.0690148572711383,0.000112566103479,0.9995119397819298,1201.496085798875,0.0194958050807374,0.95944551455837,0.9964956453628486,172.42063902653874,37.94252326481175,0.8941176470588236,1.0
cw2,False,15,100.0,500,,,,,,,,,,,cw215.0100_succ_miss,gen_list_3,100,85,85,1.0,3.095945665836334,0.5415466697777018,19.17047515756944,0.0690148572711383,0.000112566103479,0.9995119397819298,1201.496085798875,0.0194958050807374,0.95944551455837,0.9964956453628486,172.42063902653874,37.94252326481175,0.8941176470588236,1.0
cw2,True,10,100.0,500,,,,,,,,,,,cw210.0100_succ_succ,gen_list_3,100,85,85,1.0,3.1370257687568666,0.3643936912803089,12.78054814899669,0.0464226669248412,5.182365917146491e-05,0.9997686680519458,806.6093328553238,0.0130379031849979,0.9764468534915008,0.9979224846022932,115.75754955345931,40.800657538146055,0.7058823529411765,0.9411764705882353
cw2,False,10,100.0,500,,,,,,,,,,,cw210.0100_succ_miss,gen_list_3,100,85,85,1.0,3.1370257687568666,0.3643936912803089,12.78054814899669,0.0464226669248412,5.182365917146491e-05,0.9997686680519458,806.6093328553238,0.0130379031849979,0.9764468534915008,0.9979224846022932,115.75754955345931,40.800657538146055,0.7058823529411765,0.9411764705882353
cw2,True,5,100.0,500,,,,,,,,,,,cw25.0100_succ_succ,gen_list_3,100,85,85,1.0,3.1473821663856505,0.219065264831571,7.644292923983405,0.0285691932720296,1.9609349766801295e-05,0.9999113120487584,488.894863050201,0.0079193142011531,0.9895898763049268,0.999076075988336,70.13949362984557,44.65152578628145,0.36470588235294116,0.4588235294117647
cw2,False,5,100.0,500,,,,,,,,,,,cw25.0100_succ_miss,gen_list_3,100,85,85,1.0,3.1473821663856505,0.219065264831571,7.644292923983405,0.0285691932720296,1.9609349766801295e-05,0.9999113120487584,488.894863050201,0.0079193142011531,0.9895898763049268,0.999076075988336,70.13949362984557,44.65152578628145,0.36470588235294116,0.4588235294117647
cw2,True,1,100.0,500,,,,,,,,,,,cw21.0100_succ_succ,gen_list_3,100,85,85,1.0,3.181538915634156,0.1427790315493065,4.9810578774003424,0.0187169867403367,9.319098426115631e-06,0.9999587799408772,319.0443842195717,0.0052164592116688,0.994285970792995,0.9995118719903562,45.756962566155416,48.33182315620429,0.15294117647058825,0.12941176470588237
cw2,False,1,100.0,500,,,,,,,,,,,cw21.0100_succ_miss,gen_list_3,100,85,85,1.0,3.181538915634156,0.1427790315493065,4.9810578774003424,0.0187169867403367,9.319098426115631e-06,0.9999587799408772,319.0443842195717,0.0052164592116688,0.994285970792995,0.9995118719903562,45.756962566155416,48.33182315620429,0.15294117647058825,0.12941176470588237
cw2,True,10,10.0,500,,,,,,,,,,,cw210.010_succ_succ,gen_list_3,100,85,85,1.0,0.3137040686607361,0.4412324450471822,15.315952545053818,0.0570343820487751,9.448253842603296e-05,0.9996546374412334,964.0191537139414,0.0156112100747362,0.965995945020387,0.998069782555864,138.28052301024007,40.05426126835369,0.6470588235294118,0.9411764705882353
cw2,False,10,10.0,500,,,,,,,,,,,cw210.010_succ_miss,gen_list_3,100,85,85,1.0,0.3137040686607361,0.4412324450471822,15.315952545053818,0.0570343820487751,9.448253842603296e-05,0.9996546374412334,964.0191537139414,0.0156112100747362,0.965995945020387,0.998069782555864,138.28052301024007,40.05426126835369,0.6470588235294118,0.9411764705882353
cw2,True,10,30.0,500,,,,,,,,,,,cw210.030_succ_succ,gen_list_3,100,85,85,1.0,0.9535175061225892,0.3767491205650217,13.155951441035551,0.0486253622700186,5.653528369110208e-05,0.9997527505698536,837.6418633912958,0.0134764277097212,0.975174261979135,0.997977073640343,120.18477663168152,40.64816649160761,0.6941176470588235,0.9294117647058824
cw2,False,10,30.0,500,,,,,,,,,,,cw210.030_succ_miss,gen_list_3,100,85,85,1.0,0.9535175061225892,0.3767491205650217,13.155951441035551,0.0486253622700186,5.653528369110208e-05,0.9997527505698536,837.6418633912958,0.0134764277097212,0.975174261979135,0.997977073640343,120.18477663168152,40.64816649160761,0.6941176470588235,0.9294117647058824
cw2,True,10,50.0,500,,,,,,,,,,,cw210.050_succ_succ,gen_list_3,100,85,85,1.0,1.5741560316085816,0.3671200308729621,12.851394706613878,0.0472356771721559,5.281530365740047e-05,0.9997706607806662,817.0331964230103,0.0131593349194438,0.9762289113311032,0.9979800406550742,117.2202776769789,40.78676384259302,0.6941176470588235,0.9411764705882353
cw2,False,10,50.0,500,,,,,,,,,,,cw210.050_succ_miss,gen_list_3,100,85,85,1.0,1.5741560316085816,0.3671200308729621,12.851394706613878,0.0472356771721559,5.281530365740047e-05,0.9997706607806662,817.0331964230103,0.0131593349194438,0.9762289113311032,0.9979800406550742,117.2202776769789,40.78676384259302,0.6941176470588235,0.9411764705882353
cw2,True,10,60.0,500,,,,,,,,,,,cw210.060_succ_succ,gen_list_3,100,85,85,1.0,1.865340130329132,0.3671200308729621,12.851394706613878,0.0472356771721559,5.281530365740047e-05,0.9997706607806662,817.0331964230103,0.0131593349194438,0.9762289113311032,0.9979800406550742,117.2202776769789,40.78676384259302,0.6941176470588235,0.9411764705882353
cw2,False,10,60.0,500,,,,,,,,,,,cw210.060_succ_miss,gen_list_3,100,85,85,1.0,1.865340130329132,0.3671200308729621,12.851394706613878,0.0472356771721559,5.281530365740047e-05,0.9997706607806662,817.0331964230103,0.0131593349194438,0.9762289113311032,0.9979800406550742,117.2202776769789,40.78676384259302,0.6941176470588235,0.9411764705882353
cw2,True,10,80.0,500,,,,,,,,,,,cw210.080_succ_succ,gen_list_3,100,85,85,1.0,2.437288291454315,0.3643936912803089,12.78054814899669,0.0464226669248412,5.182365917146491e-05,0.9997686680519458,806.6093328553238,0.0130379031849979,0.9764468534915008,0.9979224846022932,115.75754955345931,40.800657538146055,0.7058823529411765,0.9411764705882353
cw2,False,10,80.0,500,,,,,,,,,,,cw210.080_succ_miss,gen_list_3,100,85,85,1.0,2.437288291454315,0.3643936912803089,12.78054814899669,0.0464226669248412,5.182365917146491e-05,0.9997686680519458,806.6093328553238,0.0130379031849979,0.9764468534915008,0.9979224846022932,115.75754955345931,40.800657538146055,0.7058823529411765,0.9411764705882353
cw2,True,10,200.0,500,,,,,,,,,,,cw210.0200_succ_succ,gen_list_3,100,85,85,1.0,6.084849712848663,0.3643936912803089,12.78054814899669,0.0464226669248412,5.182365917146491e-05,0.9997686680519458,806.6093328553238,0.0130379031849979,0.9764468534915008,0.9979224846022932,115.75754955345931,40.800657538146055,0.7058823529411765,0.9411764705882353
cw2,False,10,200.0,500,,,,,,,,,,,cw210.0200_succ_miss,gen_list_3,100,85,85,1.0,6.084849712848663,0.3643936912803089,12.78054814899669,0.0464226669248412,5.182365917146491e-05,0.9997686680519458,806.6093328553238,0.0130379031849979,0.9764468534915008,0.9979224846022932,115.75754955345931,40.800657538146055,0.7058823529411765,0.9411764705882353
cw2,True,10,500.0,500,,,,,,,,,,,cw210.0500_succ_succ,gen_list_3,100,85,85,1.0,18.923101451396946,0.3643936912803089,12.78054814899669,0.0464226669248412,5.182365917146491e-05,0.9997686680519458,806.6093328553238,0.0130379031849979,0.9764468534915008,0.9979224846022932,115.75754955345931,40.800657538146055,0.7058823529411765,0.9411764705882353
cw2,False,10,500.0,500,,,,,,,,,,,cw210.0500_succ_miss,gen_list_3,100,85,85,1.0,18.923101451396946,0.3643936912803089,12.78054814899669,0.0464226669248412,5.182365917146491e-05,0.9997686680519458,806.6093328553238,0.0130379031849979,0.9764468534915008,0.9979224846022932,115.75754955345931,40.800657538146055,0.7058823529411765,0.9411764705882353
cw2,True,10,800.0,500,,,,,,,,,,,cw210.0800_succ_succ,gen_list_3,100,85,85,1.0,22.95828153848648,0.3643936912803089,12.78054814899669,0.0464226669248412,5.182365917146491e-05,0.9997686680519458,806.6093328553238,0.0130379031849979,0.9764468534915008,0.9979224846022932,115.75754955345931,40.800657538146055,0.7058823529411765,0.9411764705882353
cw2,False,10,800.0,500,,,,,,,,,,,cw210.0800_succ_miss,gen_list_3,100,85,85,1.0,22.95828153848648,0.3643936912803089,12.78054814899669,0.0464226669248412,5.182365917146491e-05,0.9997686680519458,806.6093328553238,0.0130379031849979,0.9764468534915008,0.9979224846022932,115.75754955345931,40.800657538146055,0.7058823529411765,0.9411764705882353
cw2,True,10,1000.0,500,,,,,,,,,,,cw210.01000_succ_succ,gen_list_3,100,85,85,1.0,25.836010949611666,0.3643936912803089,12.78054814899669,0.0464226669248412,5.182365917146491e-05,0.9997686680519458,806.6093328553238,0.0130379031849979,0.9764468534915008,0.9979224846022932,115.75754955345931,40.800657538146055,0.7058823529411765,0.9411764705882353
cw2,False,10,1000.0,500,,,,,,,,,,,cw210.01000_succ_miss,gen_list_3,100,85,85,1.0,25.836010949611666,0.3643936912803089,12.78054814899669,0.0464226669248412,5.182365917146491e-05,0.9997686680519458,806.6093328553238,0.0130379031849979,0.9764468534915008,0.9979224846022932,115.75754955345931,40.800657538146055,0.7058823529411765,0.9411764705882353
elastic,True,0.0,10.0,500,,,,,,,,,,,elastic100.0_succ_succ,gen_list_2_elastic,100,85,85,1.0,2.9774509024620057,0.1468790901386562,2.8828230600146685,0.0279626018203356,9.713818118007906e-06,0.9999443650275224,324.9908198231626,0.0053480749435387,0.9949744159393484,0.999499154898814,46.69057478459822,48.51922481366007,0.10588235294117647,0.08235294117647059
elastic,False,0.0,10.0,500,,,,,,,,,,,elastic100.0_succ_miss,gen_list_2_elastic,100,85,85,1.0,2.9774509024620057,0.1468790901386562,2.8828230600146685,0.0279626018203356,9.713818118007906e-06,0.9999443650275224,324.9908198231626,0.0053480749435387,0.9949744159393484,0.999499154898814,46.69057478459822,48.51922481366007,0.10588235294117647,0.08235294117647059
elastic,True,0.0,30.0,500,,,,,,,,,,,elastic300.0_succ_succ,gen_list_2_elastic,100,85,85,1.0,9.62275043964386,0.154663270328413,2.6741068023092605,0.0332992379279697,1.0740960300223432e-05,0.9999414709649648,332.60273148596843,0.0055763900541413,0.994961443131039,0.9994879145109464,47.771915000341565,48.183147548146,0.09411764705882353,0.08235294117647059
elastic,False,0.0,30.0,500,,,,,,,,,,,elastic300.0_succ_miss,gen_list_2_elastic,100,85,85,1.0,9.62275043964386,0.154663270328413,2.6741068023092605,0.0332992379279697,1.0740960300223432e-05,0.9999414709649648,332.60273148596843,0.0055763900541413,0.994961443131039,0.9994879145109464,47.771915000341565,48.183147548146,0.09411764705882353,0.08235294117647059
elastic,True,0.0,50.0,500,,,,,,,,,,,elastic500.0_succ_succ,gen_list_2_elastic,100,85,85,1.0,16.966508660316467,0.1580418563721811,2.700245968734517,0.0345906409270623,1.120961547172216e-05,0.9999363229431616,342.3708480426317,0.0056983205807247,0.9949485151874708,0.999476077879882,49.18036670381405,48.04521559818495,0.09411764705882353,0.08235294117647059
elastic,False,0.0,50.0,500,,,,,,,,,,,elastic500.0_succ_miss,gen_list_2_elastic,100,85,85,1.0,16.966508660316467,0.1580418563721811,2.700245968734517,0.0345906409270623,1.120961547172216e-05,0.9999363229431616,342.3708480426317,0.0056983205807247,0.9949485151874708,0.999476077879882,49.18036670381405,48.04521559818495,0.09411764705882353,0.08235294117647059
elastic,True,0.0,70.0,500,,,,,,,,,,,elastic700.0_succ_succ,gen_list_2_elastic,100,85,85,1.0,20.20881283044815,0.1598607855575049,2.6819169223308563,0.0359862199601005,1.141122454182451e-05,0.9999355048132116,345.7970550334975,0.0057809180201287,0.9949313929170958,0.9994102575077678,49.67440999229705,47.97969798722626,0.09411764705882353,0.07058823529411765
elastic,False,0.0,70.0,500,,,,,,,,,,,elastic700.0_succ_miss,gen_list_2_elastic,100,85,85,1.0,20.20881283044815,0.1598607855575049,2.6819169223308563,0.0359862199601005,1.141122454182451e-05,0.9999355048132116,345.7970550334975,0.0057809180201287,0.9949313929170958,0.9994102575077678,49.67440999229705,47.97969798722626,0.09411764705882353,0.07058823529411765
elastic,True,0.5,30.0,500,,,,,,,,,,,elastic300.5_succ_succ,gen_list_2_elastic,100,85,85,1.0,7.982278404235839,0.1571788313962957,2.6336082479533025,0.0345240956720183,1.0973517207208083e-05,0.9999400993793668,337.98867606096155,0.0056570811725806,0.9949031573072769,0.9995016684313386,48.554437320613545,47.997169448900834,0.09411764705882353,0.09411764705882353
elastic,False,0.5,30.0,500,,,,,,,,,,,elastic300.5_succ_miss,gen_list_2_elastic,100,85,85,1.0,7.982278404235839,0.1571788313962957,2.6336082479533025,0.0345240956720183,1.0973517207208083e-05,0.9999400993793668,337.98867606096155,0.0056570811725806,0.9949031573072769,0.9995016684313386,48.554437320613545,47.997169448900834,0.09411764705882353,0.09411764705882353
pgd,True,,100.0,500,0.1,,,,,,,,,,pgd0.1100_succ_succ,gen_list_pgd,100,85,85,1.0,0.2696657109260559,4.154611954969519,209.69660159840305,0.1000000238418579,0.0056254623907099,0.9781139594523838,8635.28651505141,0.1546451245129937,0.5013413341158968,0.9414720673046284,1242.9092917570115,22.323693242181516,1.0,1.0
pgd,False,,100.0,500,0.1,,,,,,,,,,pgd0.1100_succ_miss,gen_list_pgd,100,85,85,1.0,0.2696657109260559,4.154611954969519,209.69660159840305,0.1000000238418579,0.0056254623907099,0.9781139594523838,8635.28651505141,0.1546451245129937,0.5013413341158968,0.9414720673046284,1242.9092917570115,22.323693242181516,1.0,1.0
pgd,True,,100.0,500,0.03,,,,,,,,,,pgd0.03100_succ_succ,gen_list_pgd,100,85,85,1.0,0.091153450012207,1.4054726923213283,73.5778642093434,0.0300000011920928,0.000643564270643,0.9968333657173556,2951.523285954462,0.0529064847417929,0.807623548878082,0.9831282337764562,424.9766278623135,30.832415375758423,1.0,1.0
pgd,False,,100.0,500,0.03,,,,,,,,,,pgd0.03100_succ_miss,gen_list_pgd,100,85,85,1.0,0.091153450012207,1.4054726923213283,73.5778642093434,0.0300000011920928,0.000643564270643,0.9968333657173556,2951.523285954462,0.0529064847417929,0.807623548878082,0.9831282337764562,424.9766278623135,30.832415375758423,1.0,1.0
pgd,True,,100.0,500,0.05,,,,,,,,,,pgd0.05100_succ_succ,gen_list_pgd,100,85,85,1.0,0.0901796078681945,2.247227935230031,115.82758492862476,0.0500000119209289,0.001645483920086,0.992644243819855,4702.8313106124415,0.084435072294966,0.694189406836489,0.9690508619423884,677.0549867730311,27.26849974154952,1.0,1.0
pgd,False,,100.0,500,0.05,,,,,,,,,,pgd0.05100_succ_miss,gen_list_pgd,100,85,85,1.0,0.0901796078681945,2.247227935230031,115.82758492862476,0.0500000119209289,0.001645483920086,0.992644243819855,4702.8313106124415,0.084435072294966,0.694189406836489,0.9690508619423884,677.0549867730311,27.26849974154952,1.0,1.0
pgd,True,,100.0,500,0.07,,,,,,,,,,pgd0.07100_succ_succ,gen_list_pgd,100,85,85,1.0,0.0930444169044494,3.016252436357386,153.69372145708869,0.070000022649765,0.0029643684761533,0.9876294672908752,6286.6772889002,0.1129399747359867,0.604830124679793,0.9573532318594342,904.7855436516188,24.93734163079069,1.0,1.0
pgd,False,,100.0,500,0.07,,,,,,,,,,pgd0.07100_succ_miss,gen_list_pgd,100,85,85,1.0,0.0930444169044494,3.016252436357386,153.69372145708869,0.070000022649765,0.0029643684761533,0.9876294672908752,6286.6772889002,0.1129399747359867,0.604830124679793,0.9573532318594342,904.7855436516188,24.93734163079069,1.0,1.0
pgd,True,,100.0,500,0.09,,,,,,,,,,pgd0.09100_succ_succ,gen_list_pgd,100,85,85,1.0,0.0905654072761535,3.771782266392427,190.59825349695544,0.090000033378601,0.0046358092981858,0.9815694181273688,7856.181660240559,0.1407554698475688,0.5313767626870952,0.93986469228236,1130.9549269725703,23.158890101857217,1.0,1.0
pgd,False,,100.0,500,0.09,,,,,,,,,,pgd0.09100_succ_miss,gen_list_pgd,100,85,85,1.0,0.0905654072761535,3.771782266392427,190.59825349695544,0.090000033378601,0.0046358092981858,0.9815694181273688,7856.181660240559,0.1407554698475688,0.5313767626870952,0.93986469228236,1130.9549269725703,23.158890101857217,1.0,1.0
pgd,True,,100.0,500,1.0,,,,,,,,,,pgd1.0100_succ_succ,gen_list_pgd,100,85,85,1.0,0.0943300199508667,25.609962665333462,1197.2544232536766,0.9697055893785812,0.2148264278714869,0.6254636837786145,54451.74599098373,0.7749631914414328,0.0174198741857095,0.0883748091226946,7848.527801660593,6.77773782274937,1.0,1.0
pgd,False,,100.0,500,1.0,,,,,,,,,,pgd1.0100_succ_miss,gen_list_pgd,100,85,85,1.0,0.0943300199508667,25.609962665333462,1197.2544232536766,0.9697055893785812,0.2148264278714869,0.6254636837786145,54451.74599098373,0.7749631914414328,0.0174198741857095,0.0883748091226946,7848.527801660593,6.77773782274937,1.0,1.0
pgd,True,,100.0,500,3.0,,,,,,,,,,pgd3.0100_succ_succ,gen_list_pgd,100,85,85,1.0,0.0956962823867797,25.72541986353257,1205.1992647058823,0.9715801631703096,0.2168162517999541,0.6219888990351027,54643.20668002788,0.7777299287888682,0.0040952584829426,0.0794745148991067,7878.074735747568,6.736376920942798,1.0,1.0
pgd,False,,100.0,500,3.0,,,,,,,,,,pgd3.0100_succ_miss,gen_list_pgd,100,85,85,1.0,0.0956962823867797,25.72541986353257,1205.1992647058823,0.9715801631703096,0.2168162517999541,0.6219888990351027,54643.20668002788,0.7777299287888682,0.0040952584829426,0.0794745148991067,7878.074735747568,6.736376920942798,1.0,1.0
pgd,True,,100.0,500,5.0,,,,,,,,,,pgd5.0100_succ_succ,gen_list_pgd,100,85,85,1.0,0.0951557540893554,25.882623919318704,1212.6951933019302,0.9702858966939588,0.2194646363356641,0.6169646554483373,55338.77610172168,0.7824634705069998,-0.0001133958141742,0.0696224409820703,7980.050891340778,6.67484788670524,1.0,1.0
pgd,False,,100.0,500,5.0,,,,,,,,,,pgd5.0100_succ_miss,gen_list_pgd,100,85,85,1.0,0.0951557540893554,25.882623919318704,1212.6951933019302,0.9702858966939588,0.2194646363356641,0.6169646554483373,55338.77610172168,0.7824634705069998,-0.0001133958141742,0.0696224409820703,7980.050891340778,6.67484788670524,1.0,1.0
pgd,True,,100.0,500,7.0,,,,,,,,,,pgd7.0100_succ_succ,gen_list_pgd,100,85,85,1.0,0.0971723842620849,25.86971971848432,1212.4739013671874,0.9706591529004714,0.2191757812342525,0.6189457868935405,54956.819872313725,0.7825044181909334,0.0035630212025347,0.0712218293618871,7927.502415478622,6.690894619241201,1.0,1.0
pgd,False,,100.0,500,7.0,,,,,,,,,,pgd7.0100_succ_miss,gen_list_pgd,100,85,85,1.0,0.0971723842620849,25.86971971848432,1212.4739013671874,0.9706591529004714,0.2191757812342525,0.6189457868935405,54956.819872313725,0.7825044181909334,0.0035630212025347,0.0712218293618871,7927.502415478622,6.690894619241201,1.0,1.0
pgd,True,,100.0,500,9.0,,,,,,,,,,pgd9.0100_succ_succ,gen_list_pgd,100,85,85,1.0,0.0990749645233154,25.75543087230009,1206.1469669117646,0.9729214962790994,0.2173821485313592,0.6208086021376072,54933.09298772616,0.7806363258817567,0.0037451182754404,0.0711694133327995,7920.058252348311,6.754694475055719,1.0,1.0
pgd,False,,100.0,500,9.0,,,,,,,,,,pgd9.0100_succ_miss,gen_list_pgd,100,85,85,1.0,0.0990749645233154,25.75543087230009,1206.1469669117646,0.9729214962790994,0.2173821485313592,0.6208086021376072,54933.09298772616,0.7806363258817567,0.0037451182754404,0.0711694133327995,7920.058252348311,6.754694475055719,1.0,1.0
pgd,True,,10.0,500,0.1,,,,,,,,,,pgd0.110_succ_succ,gen_list_pgd,100,85,85,1.0,0.0113532185554504,3.8411544070524326,186.4889923095703,0.1000000238418579,0.0048057144529663,0.9807303430384716,8052.758956946693,0.1431128526344005,0.5354349536316033,0.9655598849505548,1159.3002442991092,22.98346238109158,0.9764705882352941,1.0
pgd,False,,10.0,500,0.1,,,,,,,,,,pgd0.110_succ_miss,gen_list_pgd,100,85,85,1.0,0.0113532185554504,3.8411544070524326,186.4889923095703,0.1000000238418579,0.0048057144529663,0.9807303430384716,8052.758956946693,0.1431128526344005,0.5354349536316033,0.9655598849505548,1159.3002442991092,22.98346238109158,0.9764705882352941,1.0
pgd,True,,30.0,500,0.1,,,,,,,,,,pgd0.130_succ_succ,gen_list_pgd,100,85,85,1.0,0.0302563166618347,3.902830132316141,193.27671490837545,0.1000000238418579,0.0049617795116723,0.9804453277089512,8134.064389281107,0.1452367874533032,0.5282979222476054,0.9535182864608024,1170.9054935692004,22.83603337525945,1.0,1.0
pgd,False,,30.0,500,0.1,,,,,,,,,,pgd0.130_succ_miss,gen_list_pgd,100,85,85,1.0,0.0302563166618347,3.902830132316141,193.27671490837545,0.1000000238418579,0.0049617795116723,0.9804453277089512,8134.064389281107,0.1452367874533032,0.5282979222476054,0.9535182864608024,1170.9054935692004,22.83603337525945,1.0,1.0
pgd,True,,50.0,500,0.1,,,,,,,,,,pgd0.150_succ_succ,gen_list_pgd,100,85,85,1.0,0.0468651580810546,3.977876520156861,198.2542537913603,0.1000000238418579,0.0051560645562618,0.9797415804724544,8286.321561290872,0.1481398064902231,0.5166482811697488,0.9452632627789652,1192.7525579547644,22.696285106767625,1.0,1.0
pgd,False,,50.0,500,0.1,,,,,,,,,,pgd0.150_succ_miss,gen_list_pgd,100,85,85,1.0,0.0468651580810546,3.977876520156861,198.2542537913603,0.1000000238418579,0.0051560645562618,0.9797415804724544,8286.321561290872,0.1481398064902231,0.5166482811697488,0.9452632627789652,1192.7525579547644,22.696285106767625,1.0,1.0
pgd,True,,70.0,500,0.1,,,,,,,,,,pgd0.170_succ_succ,gen_list_pgd,100,85,85,1.0,0.0646598172187805,4.085428193036248,205.80388668284695,0.1000000238418579,0.0054385994093199,0.9787779400305668,8491.543381558531,0.1521202148288483,0.5111909793500619,0.9432308538968388,1222.3591518584883,22.437940814540685,1.0,1.0
pgd,False,,70.0,500,0.1,,,,,,,,,,pgd0.170_succ_miss,gen_list_pgd,100,85,85,1.0,0.0646598172187805,4.085428193036248,205.80388668284695,0.1000000238418579,0.0054385994093199,0.9787779400305668,8491.543381558531,0.1521202148288483,0.5111909793500619,0.9432308538968388,1222.3591518584883,22.437940814540685,1.0,1.0
pgd,True,,90.0,500,0.1,,,,,,,,,,pgd0.190_succ_succ,gen_list_pgd,100,85,85,1.0,0.0848259854316711,4.1380022890427535,208.67220458984372,0.1000000238418579,0.0055800155366823,0.978348776926857,8598.206856246547,0.1539425805040741,0.5050817066367248,0.933518898733937,1237.446363329039,22.356944965610005,1.0,1.0
pgd,False,,90.0,500,0.1,,,,,,,,,,pgd0.190_succ_miss,gen_list_pgd,100,85,85,1.0,0.0848259854316711,4.1380022890427535,208.67220458984372,0.1000000238418579,0.0055800155366823,0.978348776926857,8598.206856246547,0.1539425805040741,0.5050817066367248,0.933518898733937,1237.446363329039,22.356944965610005,1.0,1.0
pgd,True,,100.0,500,0.1,,,,,,,,,,pgd0.1100_succ_succ,gen_list_pgd,100,85,85,1.0,0.0942118120193481,4.140795180376839,208.6777823055492,0.1000000238418579,0.0055875790519141,0.9782428320480114,8635.140729117204,0.1541552669802997,0.504888927693599,0.9419868795921348,1242.6706281678282,22.325578649761333,1.0,1.0
pgd,False,,100.0,500,0.1,,,,,,,,,,pgd0.1100_succ_miss,gen_list_pgd,100,85,85,1.0,0.0942118120193481,4.140795180376839,208.6777823055492,0.1000000238418579,0.0055875790519141,0.9782428320480114,8635.140729117204,0.1541552669802997,0.504888927693599,0.9419868795921348,1242.6706281678282,22.325578649761333,1.0,1.0
pgd,True,,150.0,500,0.1,,,,,,,,,,pgd0.1150_succ_succ,gen_list_pgd,100,85,85,1.0,0.1377710580825805,4.28293376529918,217.052248247932,0.1000000238418579,0.0059773209886967,0.9769269262394398,8909.78396987233,0.1592979288211492,0.4936795957106451,0.9361813181632652,1282.6035518089743,22.06122683474592,1.0,1.0
pgd,False,,150.0,500,0.1,,,,,,,,,,pgd0.1150_succ_miss,gen_list_pgd,100,85,85,1.0,0.1377710580825805,4.28293376529918,217.052248247932,0.1000000238418579,0.0059773209886967,0.9769269262394398,8909.78396987233,0.1592979288211492,0.4936795957106451,0.9361813181632652,1282.6035518089743,22.06122683474592,1.0,1.0
pgd,True,,200.0,500,0.1,,,,,,,,,,pgd0.1200_succ_succ,gen_list_pgd,100,85,85,1.0,0.183293137550354,4.397782471600701,223.57406418744256,0.1000000238418579,0.0063014013283779,0.9755888748171672,9170.61698919647,0.163794929042623,0.4792950285085189,0.9279675080065436,1319.9536209009643,21.80461595447979,1.0,1.0
pgd,False,,200.0,500,0.1,,,,,,,,,,pgd0.1200_succ_miss,gen_list_pgd,100,85,85,1.0,0.183293137550354,4.397782471600701,223.57406418744256,0.1000000238418579,0.0063014013283779,0.9755888748171672,9170.61698919647,0.163794929042623,0.4792950285085189,0.9279675080065436,1319.9536209009643,21.80461595447979,1.0,1.0
pgd,True,,300.0,500,0.1,,,,,,,,,,pgd0.1300_succ_succ,gen_list_pgd,100,85,85,1.0,0.2778646254539489,4.466664454516242,227.5074015897863,0.1000000238418579,0.0064997314476384,0.9749631440268092,9318.365816584064,0.1661796647577353,0.4736108840370531,0.9330248989540014,1341.0696148504223,21.727155647415024,1.0,1.0
pgd,False,,300.0,500,0.1,,,,,,,,,,pgd0.1300_succ_miss,gen_list_pgd,100,85,85,1.0,0.2778646254539489,4.466664454516242,227.5074015897863,0.1000000238418579,0.0064997314476384,0.9749631440268092,9318.365816584064,0.1661796647577353,0.4736108840370531,0.9330248989540014,1341.0696148504223,21.727155647415024,1.0,1.0
